{"ROSHAN_ANDROID_NODE_01": {"ip": "127.0.0.1", "port": 9999, "capital": 0.00621, "public_key": "3b4bcdcc8789205f3b9f5aa51f168af316b1669da1b7a4cfb41a7a64fe705532", "cpu_load": 18.69, "ram_usage": 55.4, "last_seen": 1781349309.2150464}}